DELETE FROM `gameobject_template` WHERE `entry` IN (212540, 212541, 212542, 212543, 212544, 212545, 212546, 212547, 212548, 212549, 212550, 212551, 212552, 212553, 212554, 212555, 212556);
INSERT INTO `gameobject_template` (`entry`, `type`, `displayId`, `name`, `IconName`, `castBarCaption`, `unk1`, `size`, `faction`, `flags`, `Data0`, `Data1`, `Data2`, `Data3`, `Data4`, `Data5`, `Data6`, `Data7`, `Data8`, `Data9`, `Data10`, `Data11`, `Data12`, `Data13`, `Data14`, `Data15`, `Data16`, `Data17`, `Data18`, `Data19`, `Data20`, `Data21`, `Data22`, `Data23`, `Data24`, `Data25`, `Data26`, `Data27`, `Data28`, `Data29`, `Data30`, `Data31`, `unkInt32`, `WDBVerified`) VALUES
(212540, 3, 11783, 'Lost Keg', '', 'Recovering', '', 2, 0, 4, 43, 42658, 30, 0, 0, 0, 0, 0, 0, 0, 0, 0, 0, 0, 55091, 0, 0, 0, 0, 0, 0, 0, 0, 0, 0, 0, 0, 0, 0, 0, 0, 0, 0, 18414), -- 212540
(212541, 3, 11784, 'Lost Mug', '', 'Recovering', '', 1, 0, 4, 43, 42659, 30, 0, 0, 0, 0, 0, 0, 0, 0, 0, 0, 0, 55091, 0, 0, 0, 0, 0, 0, 0, 0, 0, 0, 0, 0, 0, 0, 0, 0, 0, 0, 18414), -- 212541
(212542, 3, 11785, 'Lost Mug', '', 'Recovering', '', 1, 0, 4, 43, 42659, 30, 0, 0, 0, 0, 0, 0, 0, 0, 0, 0, 0, 55091, 0, 0, 0, 0, 0, 0, 0, 0, 0, 0, 0, 0, 0, 0, 0, 0, 0, 0, 18414), -- 212542
(212543, 3, 11786, 'Lost Mug', '', 'Recovering', '', 1, 0, 4, 43, 42659, 30, 0, 0, 0, 0, 0, 0, 0, 0, 0, 0, 0, 55091, 0, 0, 0, 0, 0, 0, 0, 0, 0, 0, 0, 0, 0, 0, 0, 0, 0, 0, 18414), -- 212543
(212544, 3, 11787, 'Lost Mug', '', 'Recovering', '', 1, 0, 4, 43, 42659, 30, 0, 0, 0, 0, 0, 0, 0, 0, 0, 0, 0, 55091, 0, 0, 0, 0, 0, 0, 0, 0, 0, 0, 0, 0, 0, 0, 0, 0, 0, 0, 18414), -- 212544
(212545, 3, 11788, 'Lost Mug', '', 'Recovering', '', 1, 0, 4, 43, 42659, 30, 0, 0, 0, 0, 0, 0, 0, 0, 0, 0, 0, 55091, 0, 0, 0, 0, 0, 0, 0, 0, 0, 0, 0, 0, 0, 0, 0, 0, 0, 0, 18414), -- 212545
(212546, 3, 11789, 'Lost Mug', '', 'Recovering', '', 1, 0, 4, 43, 42659, 30, 0, 0, 0, 0, 0, 0, 0, 0, 0, 0, 0, 55091, 0, 0, 0, 0, 0, 0, 0, 0, 0, 0, 0, 0, 0, 0, 0, 0, 0, 0, 18414), -- 212546
(212547, 3, 11691, 'Lost Mug', '', 'Recovering', '', 1, 0, 4, 43, 42659, 30, 0, 0, 0, 0, 0, 0, 0, 0, 0, 0, 0, 55091, 0, 0, 0, 0, 0, 0, 0, 0, 0, 0, 0, 0, 0, 0, 0, 0, 0, 0, 18414), -- 212547
(212548, 3, 11344, 'Lost Mug', '', 'Recovering', '', 1, 0, 4, 43, 42659, 30, 0, 0, 0, 0, 0, 0, 0, 0, 0, 0, 0, 55091, 0, 0, 0, 0, 0, 0, 0, 0, 0, 0, 0, 0, 0, 0, 0, 0, 0, 0, 18414), -- 212548
(212549, 3, 11709, 'Lost Mug', '', 'Recovering', '', 1, 0, 4, 43, 42659, 30, 0, 0, 0, 0, 0, 0, 0, 0, 0, 0, 0, 55091, 0, 0, 0, 0, 0, 0, 0, 0, 0, 0, 0, 0, 0, 0, 0, 0, 0, 0, 18414), -- 212549
(212550, 3, 11710, 'Lost Mug', '', 'Recovering', '', 1, 0, 4, 43, 42659, 30, 0, 0, 0, 0, 0, 0, 0, 0, 0, 0, 0, 55091, 0, 0, 0, 0, 0, 0, 0, 0, 0, 0, 0, 0, 0, 0, 0, 0, 0, 0, 18414), -- 212550
(212551, 3, 11711, 'Lost Mug', '', 'Recovering', '', 1, 0, 4, 43, 42659, 30, 0, 0, 0, 0, 0, 0, 0, 0, 0, 0, 0, 55091, 0, 0, 0, 0, 0, 0, 0, 0, 0, 0, 0, 0, 0, 0, 0, 0, 0, 0, 18414), -- 212551
(212552, 3, 11790, 'Lost Picnic Supplies', '', 'Recovering', '', 0.6, 0, 4, 43, 42660, 30, 0, 0, 0, 0, 0, 0, 0, 0, 0, 0, 0, 55091, 0, 0, 0, 0, 0, 0, 0, 0, 0, 0, 0, 0, 0, 0, 0, 0, 0, 0, 18414), -- 212552
(212553, 3, 11286, 'Lost Picnic Supplies', '', 'Recovering', '', 1, 0, 4, 43, 42660, 30, 0, 0, 0, 0, 0, 0, 0, 0, 0, 0, 0, 55091, 0, 0, 0, 0, 0, 0, 0, 0, 0, 0, 0, 0, 0, 0, 0, 0, 0, 0, 18414), -- 212553
(212554, 3, 11688, 'Lost Picnic Supplies', '', 'Recovering', '', 2, 0, 4, 43, 42660, 30, 0, 0, 0, 0, 0, 0, 0, 0, 0, 0, 0, 55091, 0, 0, 0, 0, 0, 0, 0, 0, 0, 0, 0, 0, 0, 0, 0, 0, 0, 0, 18414), -- 212554
(212555, 3, 11691, 'Lost Picnic Supplies', '', 'Recovering', '', 1, 0, 4, 43, 42660, 30, 0, 0, 0, 0, 0, 0, 0, 0, 0, 0, 0, 55091, 0, 0, 0, 0, 0, 0, 0, 0, 0, 0, 0, 0, 0, 0, 0, 0, 0, 0, 18414), -- 212555
(212556, 3, 11692, 'Lost Picnic Supplies', '', 'Recovering', '', 1, 0, 4, 43, 42660, 30, 0, 0, 0, 0, 0, 0, 0, 0, 0, 0, 0, 55091, 0, 0, 0, 0, 0, 0, 0, 0, 0, 0, 0, 0, 0, 0, 0, 0, 0, 0, 18414); -- 212556

SET @OGUID := 2066;
DELETE FROM `gameobject` WHERE `guid` BETWEEN @OGUID+0 AND @OGUID+31;
DELETE FROM `gameobject` WHERE id IN (212540, 212541, 212542, 212543, 212544, 212545, 212546, 212547, 212548, 212549, 212550, 212551, 212552, 212553, 212554, 212555, 212556);
INSERT INTO `gameobject` (`guid`, `id`, `map`, `spawnMask`, `phaseMask`, `position_x`, `position_y`, `position_z`, `orientation`, `rotation0`, `rotation1`, `rotation2`, `rotation3`, `spawntimesecs`, `animprogress`, `state`) VALUES
(@OGUID+0, 212540, 870, 1, 1, 691.0573, 3226.753, 211.6637, 5.95048, 0, 0, 0, 1, 120, 255, 1), -- 212540 (Area: 6335)
(@OGUID+1, 212541, 870, 1, 1, 735.9462, 3372.564, 217.1756, 0, 0, 0, 0, 1, 120, 255, 1), -- 212541 (Area: 6335)
(@OGUID+2, 212541, 870, 1, 1, 740.3368, 3369.525, 215.5815, 5.980597, 0, 0, 0, 1, 120, 255, 1), -- 212541 (Area: 6335)
(@OGUID+3, 212542, 870, 1, 1, 734.5278, 3373.391, 217.1861, 6.178075, 0, 0, 0, 1, 120, 255, 1), -- 212542 (Area: 6335)
(@OGUID+4, 212542, 870, 1, 1, 736.2274, 3370.603, 216.8061, 1.034827, 0, 0, 0, 1, 120, 255, 1), -- 212542 (Area: 6335)
(@OGUID+5, 212543, 870, 1, 1, 737.7483, 3370.507, 217.1378, 0.08607283, 0, 0, 0, 1, 120, 255, 1), -- 212543 (Area: 6335)
(@OGUID+6, 212543, 870, 1, 1, 736.6614, 3372.151, 217.4453, 1.08776, 0, 0, 0, 1, 120, 255, 1), -- 212543 (Area: 6335)
(@OGUID+7, 212544, 870, 1, 1, 735.2691, 3372.703, 217.1622, 5.556392, 0, 0, 0, 1, 120, 255, 1), -- 212544 (Area: 6335)
(@OGUID+8, 212544, 870, 1, 1, 733.5746, 3374.281, 216.2611, 1.462108, 0, 0, 0, 1, 120, 255, 1), -- 212544 (Area: 6335)
(@OGUID+9, 212545, 870, 1, 1, 736.408, 3371.696, 217.5349, 1.184866, 0, 0, 0, 1, 120, 255, 1), -- 212545 (Area: 6335)
(@OGUID+10, 212545, 870, 1, 1, 736.4219, 3371.743, 217.5468, 0, 0, 0, 0, 1, 120, 255, 1), -- 212545 (Area: 6335)
(@OGUID+11, 212546, 870, 1, 1, 735.158, 3371.63, 217.0009, 0.2332897, 0, 0, 0, 1, 120, 255, 1), -- 212546 (Area: 6335)
(@OGUID+12, 212546, 870, 1, 1, 735.9601, 3371.863, 217.1816, 0, 0, 0, 0, 1, 120, 255, 1), -- 212546 (Area: 6335)
(@OGUID+13, 212547, 870, 1, 1, 736.5712, 3371.969, 217.1505, 4.238697, 0, 0, 0, 1, 120, 255, 1), -- 212547 (Area: 6335)
(@OGUID+14, 212547, 870, 1, 1, 735.5989, 3371.364, 216.9994, 6.23966, 0, 0, 0, 1, 120, 255, 1), -- 212547 (Area: 6335)
(@OGUID+15, 212548, 870, 1, 1, 733.4375, 3373.719, 215.9563, 6.251412, 0, 0, 0, 1, 120, 255, 1), -- 212548 (Area: 6335)
(@OGUID+16, 212548, 870, 1, 1, 735.9549, 3371.009, 216.9031, 1.584734, 0, 0, 0, 1, 120, 255, 1), -- 212548 (Area: 6335)
(@OGUID+17, 212549, 870, 1, 1, 736.2344, 3371.491, 217.698, 4.497533, 0, 0, 0, 1, 120, 255, 1), -- 212549 (Area: 6335)
(@OGUID+18, 212549, 870, 1, 1, 735.4983, 3372.146, 217.2209, 1.771636, 0, 0, 0, 1, 120, 255, 1), -- 212549 (Area: 6335)
(@OGUID+19, 212550, 870, 1, 1, 735.5746, 3371.74, 217.1621, 5.950388, 0, 0, 0, 1, 120, 255, 1), -- 212550 (Area: 6335)
(@OGUID+20, 212550, 870, 1, 1, 736.5816, 3371.283, 216.9763, 0, 0, 0, 0, 1, 120, 255, 1), -- 212550 (Area: 6335)
(@OGUID+21, 212551, 870, 1, 1, 735.6788, 3372.233, 217.4949, 1.162186, 0, 0, 0, 1, 120, 255, 1), -- 212551 (Area: 6335)
(@OGUID+22, 212551, 870, 1, 1, 736.2899, 3371.373, 217.3647, 2.478408, 0, 0, 0, 1, 120, 255, 1), -- 212551 (Area: 6335)
(@OGUID+23, 212552, 870, 1, 1, 722.993, 3141.462, 215.9265, 0.1347497, 0, 0, 0, 1, 120, 255, 1), -- 212552 (Area: 6335)
(@OGUID+24, 212553, 870, 1, 1, 722.8854, 3141.826, 215.9058, 6.254072, 0, 0, 0, 1, 120, 255, 1), -- 212553 (Area: 6335)
(@OGUID+25, 212554, 870, 1, 1, 724.6007, 3141.575, 215.7481, 6.244437, 0, 0, 0, 1, 120, 255, 1), -- 212554 (Area: 6335)
(@OGUID+26, 212554, 870, 1, 1, 721.1702, 3141.292, 216.1247, 6.102978, 0, 0, 0, 1, 120, 255, 1), -- 212554 (Area: 6335)
(@OGUID+27, 212555, 870, 1, 1, 721.618, 3140.776, 216.1811, 0.1257503, 0, 0, 0, 1, 120, 255, 1), -- 212555 (Area: 6335)
(@OGUID+28, 212555, 870, 1, 1, 723.8715, 3141.002, 215.8642, 0.03398972, 0, 0, 0, 1, 120, 255, 1), -- 212555 (Area: 6335)
(@OGUID+29, 212556, 870, 1, 1, 722.0729, 3141.207, 215.9932, 0.121443, 0, 0, 0, 1, 120, 255, 1), -- 212556 (Area: 6335)
(@OGUID+30, 212556, 870, 1, 1, 724.1007, 3142.056, 215.7558, 0.121443, 0, 0, 0, 1, 120, 255, 1), -- 212556 (Area: 6335)
(@OGUID+31, 212556, 870, 1, 1, 722.2465, 3141.163, 215.9873, 0.5756451, 0, 0, 0, 1, 120, 255, 1); -- 212556 (Area: 6335)

DELETE FROM `gameobject_loot_template` WHERE `entry` IN (42658, 42659, 42660);
INSERT INTO `gameobject_loot_template` (`entry`, `item`, `ChanceOrQuestChance`) VALUES
(42658, 83781, -100),
(42659, 83782, -100),
(42660, 83783, -100);

DELETE FROM `quest_poi_points` WHERE `QuestID`=31071;
INSERT INTO `quest_poi_points` (`QuestID`, `Id`, `Idx`, `X`, `Y`) VALUES
(31071, 3, 0, 1020, 3403), -- 31071 - 3 - 3
(31071, 2, 5, 736, 3371), -- 31071 - 2 - 2
(31071, 2, 4, 735, 3372), -- 31071 - 2 - 2
(31071, 2, 1, 736, 3373), -- 31071 - 2 - 2
(31071, 2, 0, 740, 3370), -- 31071 - 2 - 2
(31071, 2, 3, 733, 3374), -- 31071 - 2 - 2
(31071, 2, 2, 734, 3374), -- 31071 - 2 - 2
(31071, 1, 0, 691, 3227), -- 31071 - 1 - 1
(31071, 0, 6, 723, 3142), -- 31071 - 0 - 0
(31071, 0, 5, 724, 3142), -- 31071 - 0 - 0
(31071, 0, 4, 725, 3142), -- 31071 - 0 - 0
(31071, 0, 3, 724, 3141), -- 31071 - 0 - 0
(31071, 0, 2, 723, 3141), -- 31071 - 0 - 0
(31071, 0, 1, 722, 3141), -- 31071 - 0 - 0
(31071, 0, 0, 721, 3141); -- 31071 - 0 - 0

DELETE FROM `quest_poi` WHERE `QuestID`=31071;
INSERT INTO `quest_poi` (`QuestID`, `Id`,  `ObjIndex`, `MapID`, `WorldMapAreaId`, `FloorID`, `unk3`, `unk4`) VALUES
(31071, 3, -1, 870, 858, 0, 0, 1), -- 31071 - 3
(31071, 2, 0, 870, 858, 0, 0, 1), -- 31071 - 2
(31071, 1, 0, 870, 858, 0, 0, 1), -- 31071 - 1
(31071, 0, 0, 870, 858, 0, 0, 1); -- 31071 - 0

UPDATE `quest_template` SET `OfferRewardText`='You have brought me joy, traveler.', `RequestItemsText`='Did you find them? Can it be?' WHERE `Id`=31071;
