-- Creature Spawns
SET @CGUID := 125747;
DELETE FROM `creature` WHERE `map`=996;
INSERT INTO `creature` (`guid`, `id`, `map`, `spawnMask`, `position_x`, `position_y`, `position_z`, `orientation`, `spawntimesecs`) VALUES
(@CGUID-0, 62442, 996, 248, -1018.35, -2786.42, 55.442, 1.58, 604800),
(@CGUID-1, 63275, 996, 248, -998.486, -2914.14, 19.7061, 4.71225, 604800),
(@CGUID-2, 63275, 996, 248, -1034.58, -2932.84, 19.1783, 4.60711, 604800),
(@CGUID-3, 63275, 996, 248, -1038.61, -2916.74, 19.7061, 4.69412, 604800),
(@CGUID-4, 63275, 996, 248, -1018.22, -2935.31, 19.4397, 4.70664, 604800),
(@CGUID-5, 63275, 996, 248, -992.594, -2895.52, 19.1783, 4.68538, 604800),
(@CGUID-6, 63275, 996, 248, -1042.7, -2895.1, 19.1783, 4.68451, 604800),
(@CGUID-7, 63275, 996, 248, -1017.52, -2923.79, 19.7061, 4.61708, 604800),
(@CGUID-8, 63275, 996, 248, -1008.39, -2901.33, 19.7061, 4.67959, 604800),
(@CGUID-9, 63275, 996, 248, -1002.27, -2932.6, 19.1783, 4.75939, 604800),
(@CGUID-10, 63275, 996, 248, -1025.07, -2898.18, 19.7061, 4.67586, 604800),
(@CGUID-11, 62962, 996, 248, -1064.38, -3077.08, 12.2095, 4.65514, 7200),
(@CGUID-12, 62962, 996, 248, -967.108, -3021.3, 12.2095, 4.65514, 7200),
(@CGUID-13, 62962, 996, 248, -969.516, -3075.16, 12.2095, 4.65514, 7200),
(@CGUID-14, 62962, 996, 248, -1047.64, -2999.57, 12.2095, 4.65514, 7200),
(@CGUID-15, 62962, 996, 248, -1001.01, -3098.93, 12.2095, 4.65514, 7200),
(@CGUID-16, 62962, 996, 248, -1024.49, -3101.46, 12.2165, 4.65514, 7200),
(@CGUID-17, 62962, 996, 248, -993.757, -2999.41, 12.2095, 4.65514, 7200),
(@CGUID-18, 62962, 996, 248, -1074.8, -3053.67, 12.2095, 4.65514, 7200),
(@CGUID-19, 62962, 996, 248, -1047.98, -3096.87, 12.2095, 4.65514, 7200),
(@CGUID-20, 62962, 996, 248, -1018.58, -2992.52, 12.3928, 4.65514, 7200),
(@CGUID-21, 62962, 996, 248, -979.097, -3006.9, 12.2095, 4.65514, 7200),
(@CGUID-22, 62962, 996, 248, -1070.94, -3030.72, 12.2095, 4.65514, 7200),
(@CGUID-23, 62962, 996, 248, -980.799, -3090, 12.2095, 4.65514, 7200),
(@CGUID-24, 62962, 996, 248, -961.795, -3041.03, 12.2095, 4.65514, 7200),
(@CGUID-25, 62962, 996, 248, -963.307, -3059.72, 12.2095, 4.65514, 7200),
(@CGUID-26, 62962, 996, 248, -1060.61, -3012.75, 12.2095, 4.65514, 7200),
(@CGUID-27, 64443, 996, 248, -963.267, -3072.51, 12.2095, 0, 7200),
(@CGUID-28, 62995, 996, 248, -992.842, -2888.92, 19.1783, 2.48994, 7200),
(@CGUID-29, 62995, 996, 248, -989.363, -2902.62, 19.1783, 0.642311, 7200),
(@CGUID-30, 62995, 996, 248, -1045.23, -2925.26, 19.1783, 1.96081, 7200),
(@CGUID-31, 62995, 996, 248, -1044.99, -2901.2, 19.1783, 3.01376, 7200),
(@CGUID-32, 62995, 996, 248, -1013.61, -2925.48, 19.7061, 1.11224, 7200),
(@CGUID-33, 62995, 996, 248, -1035.01, -2910.32, 19.7061, 3.57302, 7200),
(@CGUID-34, 62995, 996, 248, -1023.39, -2888.51, 19.7061, 0.862035, 7200),
(@CGUID-35, 62995, 996, 248, -1011.26, -2888.34, 19.7061, 4.3029, 7200),
(@CGUID-36, 62995, 996, 248, -1008.4, -2900.63, 19.7061, 4.64341, 7200),
(@CGUID-37, 62995, 996, 248, -1002.59, -2913.23, 19.7061, 4.01461, 7200),
(@CGUID-38, 62995, 996, 248, -1023.32, -2936.85, 19.4397, 3.93667, 7200),
(@CGUID-39, 62995, 996, 248, -1028.25, -2923.66, 19.7061, 0, 7200),
(@CGUID-40, 62995, 996, 248, -1012.43, -2941.38, 19.4397, 3.00527, 7200),
(@CGUID-41, 62995, 996, 248, -1042.06, -2888.43, 19.1783, 1.97427, 7200),
(@CGUID-42, 62995, 996, 248, -1027.07, -2899.24, 19.7061, 1.26187, 7200),
(@CGUID-43, 62995, 996, 248, -994.75, -2925.18, 19.1783, 4.80107, 7200),
(@CGUID-44, 62995, 996, 248, -1038.37, -2934.91, 19.1783, 2.3128, 7200),
(@CGUID-45, 62995, 996, 248, -998.684, -2934.78, 19.1783, 5.88203, 7200),
(@CGUID-46, 65736, 996, 248, -1214.8, -2824.82, 41.243, 3.50734, 7200),
(@CGUID-47, 60788, 996, 248, -1017.84, -2771.98, 38.6544, 1.57828, 7200),
(@CGUID-48, 65736, 996, 248, -832.076, -2745.4, 31.6775, 0.153694, 7200),
(@CGUID-49, 45979, 996, 248, -1045.18, -2814.89, 38.2559, 0.668759, 604800),
(@CGUID-50, 71095, 996, 248, -1017.93, -2911.3, 19.812, 4.70927, 7200),
(@CGUID-51, 64846, 996, 248, -1036.11, -3136.93, 27.3358, 5.41548, 7200),
(@CGUID-52, 66100, 996, 248, -982.42, -3066.16, 12.6525, 2.69789, 7200),
(@CGUID-53, 64368, 996, 248, -1052.7, -3068.12, 12.6525, 0.577366, 7200),
(@CGUID-54, 36737, 996, 248, -1012.14, -3137.47, 27.1847, 4.66795, 7200),
(@CGUID-55, 60583, 996, 248, -1017.87, -3058.73, 12.9068, 1.50103, 604800),
(@CGUID-56, 63420, 996, 248, -1017.8, -3049.11, 12.9069, 4.69506, 7200),
(@CGUID-57, 60957, 996, 248, -1017.97, -2938.68, 19.4397, 4.69066, 7200),
(@CGUID-58, 60585, 996, 248, -1009.94, -3045.02, 12.9069, 3.82705, 604800),
(@CGUID-59, 60586, 996, 248, -1025.78, -3044.84, 12.9069, 5.6988, 604800),
(@CGUID-60, 60999, 996, 248, -1017.89, -2758.34, 38.6544, 4.71308, 604800),
(@CGUID-61, 65736, 996, 248, -1075.2, -2577.82, 15.8518, 1.6765, 7200),
(@CGUID-62, 45979, 996, 248, -990.6, -2815.8, 38.2934, 1.56804, 604800),
(@CGUID-63, 62995, 996, 248, -1023.62, -2933.64, 19.3585, 1.65624, 7200),
(@CGUID-64, 64368, 996, 248, -982.193, -3032.26, 12.6524, 3.54567, 7200),
(@CGUID-65, 66100, 996, 248, -1053.42, -3031.82, 12.6524, 5.8744, 7200),
(@CGUID-66, 62983, 996, 248, -1017.93, -2911.3, 19.9015, 4.70965, 604800);

-- Creature Templates
REPLACE INTO `creature_template` (`entry`, `modelid1`, `modelid2`, `modelid3`, `modelid4`, `NAME`, `subname`, `iconname`, `maxlevel`, `EXP`, `faction_A`, `faction_H`, `npcflag`, `speed_run`, `scale`, `npc_rank`, `mindmg`, `maxdmg`, `attackpower`, `dmg_multiplier`, `baseattacktime`, `rangeattacktime`, `unit_class`, `unit_flags`, `unit_flags2`, `minrangedmg`, `maxrangedmg`, `rangedattackpower`, `TYPE`, `type_flags`, `type_flags2`, `lootid`, `spell1`, `spell2`, `spell3`, `spell4`, `spell5`, `spell6`, `spell7`, `spell8`, `vehicleid`, `mingold`, `maxgold`, `inhabittype`, `health_mod`, `movementid`, `mechanic_immune_mask`, `flags_extra`, `WDBVerified`) VALUES
 (36737, 1126, 14501, 0, 0, 'Invisible Stalker', '', '', 80, 2, 35, 35, 0, 1.14286, 1, 0, 420, 630, 157, 1, 2000, 2000, 1, 33555200, 2048, 336, 504, 126, 10, 0, 0, 0, 0, 0, 0, 0, 0, 0, 0, 0, 0, 0, 0, 4, 1, 0, 0, 128, 15595),
 (45979, 1126, 11686, 0, 0, 'General Purpose Bunny JMF', '', '', 85, 3, 35, 35, 0, 1.14286, 1, 0, 1007, 1354.7, 1571, 1.7, 2000, 2000, 1, 0, 2048, 399, 559, 169, 10, 1024, 0, 0, 0, 0, 0, 0, 0, 0, 0, 0, 0, 0, 0, 4, 1, 0, 0, 128, 15595),
 (60583, 41503, 0, 0, 0, 'Protector Kaolan', NULL, NULL, 93, 4, 16, 16, 0, 2.5, 1, 1, 52276, 83171, 74572, 3, 2000, 2000, 1, 0, 0, 0, 0, 0, 7, 2097260, 0, 60583, 26662, 117986, 117975, 118186, 117052, 117519, 0, 0, 2466, 2900000, 3000000, 3, 213.4, 157, 667893759, 0, 18414),
 (60585, 41502, 0, 0, 0, 'Elder Regail', NULL, NULL, 93, 4, 16, 16, 0, 2.5, 1, 1, 52276, 83171, 74572, 3, 2000, 2000, 1, 0, 0, 0, 0, 0, 7, 2097260, 0, 60585, 26662, 118186, 117187, 111850, 122874, 118077, 117353, 117351, 2466, 3200000, 3300000, 3, 138.6, 157, 634339327, 0, 18414),
 (60586, 41504, 0, 0, 0, 'Elder Asani', NULL, NULL, 93, 4, 16, 16, 0, 2.5, 1, 1, 52276, 83171, 74572, 3, 2000, 2000, 1, 0, 0, 0, 0, 0, 7, 2097260, 0, 60586, 26662, 117309, 117227, 118186, 117351, 117353, 117052, 118312, 2466, 3000000, 3100000, 3, 138.6, 157, 634339327, 0, 18414),
 (60788, 169, 11686, 0, 0, 'Pure Light Terrace', '', '', 93, 4, 35, 35, 0, 1.14286, 1, 1, 12000, 20000, 0, 3, 2000, 2000, 1, 33554432, 0, 0, 0, 0, 10, 40, 8, 0, 0, 0, 0, 0, 0, 0, 0, 0, 0, 0, 0, 3, 1, 0, 0, 0, 18414),
 (60957, 1126, 11686, 0, 0, 'Minion of Fear Controller', '', '', 93, 4, 16, 16, 0, 1.14286, 1, 1, 12000, 20000, 0, 3, 2000, 2000, 1, 33554432, 0, 0, 0, 0, 10, 1024, 0, 0, 0, 0, 0, 0, 0, 0, 0, 0, 0, 0, 0, 3, 15, 144, 0, 128, 18414),
 (60999, 45065, 0, 0, 0, 'Sha of Fear', NULL, NULL, 93, 4, 14, 14, 0, 2.5, 1, 1, 52276, 83171, 74572, 3, 2000, 2000, 4, 64, 0, 0, 0, 0, 4, 2097260, 0, 60999, 47008, 119414, 125786, 132007, 119519, 120458, 129378, 120629, 2270, 3200000, 3300000, 3, 423.5, 167, 667893759, 1, 18414),
 (62442, 42532, 0, 0, 0, 'Tsulong', NULL, NULL, 93, 4, 1965, 1965, 0, 2.5, 1, 1, 52276, 83171, 74572, 3, 2000, 2000, 4, 0, 0, 0, 0, 0, 2, 2101356, 0, 62442, 122858, 26662, 122768, 125843, 57723, 124176, 95809, 122777, 2270, 0, 0, 4, 400, 157, 667893759, 1, 18414),
 (62962, 1126, 11686, 0, 0, 'Unstable Sha Target', '', '', 92, 4, 35, 35, 0, 1.14286, 1, 0, 5700, 13342, 66646, 3, 2000, 2000, 1, 0, 0, 0, 0, 0, 10, 1024, 0, 0, 0, 0, 0, 0, 0, 0, 0, 0, 0, 0, 0, 3, 2, 94, 0, 128, 18414),
 (62983, 43783, 0, 0, 0, 'Lei Shi', NULL, NULL, 93, 4, 16, 16, 0, 1.14286, 1, 1, 52276, 83171, 74572, 3, 2000, 2000, 2, 0, 0, 0, 0, 0, 4, 2097260, 0, 62983, 123181, 26662, 123620, 123461, 123244, 123250, 123121, 127535, 0, 0, 0, 3, 316.8, 913, 667893759, 1, 18414),
 (62995, 43771, 0, 0, 0, 'Animated Protector', NULL, NULL, 92, 4, 16, 16, 0, 1.14286, 1, 1, 14207, 20807, 54278, 5, 2000, 2000, 1, 570720256, 0, 0, 0, 0, 4, 104, 0, 0, 0, 123505, 0, 0, 0, 0, 0, 0, 0, 0, 0, 3, 14.3, 151, 0, 0, 18414),
 (63275, 43772, 0, 0, 0, 'Corrupted Protector', NULL, NULL, 90, 4, 16, 16, 0, 1.14286, 1, 1, 14207, 20807, 54278, 3, 2000, 2000, 1, 0, 0, 0, 0, 0, 4, 104, 0, 0, 123610, 0, 0, 0, 0, 0, 0, 0, 0, 0, 0, 3, 10, 151, 0, 0, 18414),
 (63420, 169, 11686, 0, 0, 'SLG Generic MoP', '', '', 90, 4, 14, 14, 0, 1.14286, 1, 1, 580, 870, 218, 3, 2000, 2000, 1, 33555200, 2048, 464, 696, 174, 10, 17826816, 0, 0, 0, 0, 0, 0, 0, 0, 0, 0, 0, 10197, 101, 3, 1, 0, 0, 128, 18414),
 (64368, 42282, 0, 0, 0, 'Apparition of Fear', NULL, NULL, 90, 4, 16, 16, 0, 1.14286, 1, 1, 14207, 20807, 54278, 3, 2000, 2000, 1, 32768, 0, 0, 0, 0, 4, 2097224, 0, 0, 125736, 125758, 0, 0, 0, 0, 0, 0, 0, 0, 0, 3, 35, 0, 0, 0, 18414),
 (64443, 43547, 0, 0, 0, 'Enchanted Plant', NULL, 'openhandglow', 92, 4, 35, 35, 0, 1.14286, 1, 0, 9839, 14339, 42299, 1, 2000, 2000, 1, 0, 0, 0, 0, 0, 4, 5120, 0, 0, 0, 0, 0, 0, 0, 0, 0, 0, 0, 0, 0, 3, 2, 94, 0, 0, 18414),
 (64846, 41742, 0, 0, 0, 'Springtender Ashani', NULL, NULL, 90, 4, 35, 35, 0, 1.14286, 1, 0, 0, 0, 0, 1, 2000, 2000, 1, 32768, 0, 0, 0, 0, 7, 0, 0, 0, 0, 0, 0, 0, 0, 0, 0, 0, 0, 0, 0, 3, 1, 0, 0, 0, 18414),
 (65736, 1126, 37285, 0, 0, 'Return to the Terrace', '', 'openhandglow', 90, 4, 35, 35, 16777216, 1.14286, 1, 0, 12000, 20000, 0, 1, 2000, 2000, 1, 0, 0, 0, 0, 0, 10, 1074791424, 6, 0, 0, 0, 0, 0, 0, 0, 0, 0, 0, 0, 0, 3, 2, 94, 0, 128, 18414),
 (66100, 44649, 0, 0, 0, 'Apparition of Terror', NULL, NULL, 91, 4, 16, 16, 0, 1.14286, 1, 1, 14207, 20807, 54278, 3, 2000, 2000, 1, 0, 0, 0, 0, 0, 4, 2097224, 0, 0, 130115, 130120, 0, 0, 0, 0, 0, 0, 0, 0, 0, 3, 35, 0, 0, 0, 18414),
 (71095, 48588, 0, 0, 0, 'Reflection of Lei Shi', NULL, NULL, 90, 4, 14, 14, 0, 1.14286, 1, 1, 11839, 17339, 45299, 1, 2000, 2000, 2, 33685504, 2048, 0, 0, 0, 4, 2097256, 0, 0, 0, 0, 0, 0, 0, 0, 0, 0, 0, 0, 0, 3, 1, 913, 0, 0, 18414);

-- Creature Model Info
DELETE FROM `creature_model_info` WHERE `modelid`=169;
INSERT INTO `creature_model_info` (`modelid`, `bounding_radius`, `combat_reach`, `gender`, `modelid_other_gender`) VALUES (169, 0.903, 2, 2, 0);
DELETE FROM `creature_model_info` WHERE `modelid`=1126;
INSERT INTO `creature_model_info` (`modelid`, `bounding_radius`, `combat_reach`, `gender`, `modelid_other_gender`) VALUES (1126, 2, 2, 2, 0);
DELETE FROM `creature_model_info` WHERE `modelid`=11686;
INSERT INTO `creature_model_info` (`modelid`, `bounding_radius`, `combat_reach`, `gender`, `modelid_other_gender`) VALUES (11686, 0.5, 1, 2, 0);
DELETE FROM `creature_model_info` WHERE `modelid`=14501;
INSERT INTO `creature_model_info` (`modelid`, `bounding_radius`, `combat_reach`, `gender`, `modelid_other_gender`) VALUES (14501, 2.5, 5, 2, 0);
DELETE FROM `creature_model_info` WHERE `modelid`=37285;
INSERT INTO `creature_model_info` (`modelid`, `bounding_radius`, `combat_reach`, `gender`, `modelid_other_gender`) VALUES (37285, 4.5, 4.5, 2, 0);
DELETE FROM `creature_model_info` WHERE `modelid`=41502;
INSERT INTO `creature_model_info` (`modelid`, `bounding_radius`, `combat_reach`, `gender`, `modelid_other_gender`) VALUES (41502, 2.75, 4.125, 0, 0);
DELETE FROM `creature_model_info` WHERE `modelid`=41503;
INSERT INTO `creature_model_info` (`modelid`, `bounding_radius`, `combat_reach`, `gender`, `modelid_other_gender`) VALUES (41503, 3, 4.5, 0, 0);
DELETE FROM `creature_model_info` WHERE `modelid`=41504;
INSERT INTO `creature_model_info` (`modelid`, `bounding_radius`, `combat_reach`, `gender`, `modelid_other_gender`) VALUES (41504, 2.75, 4.125, 0, 0);
DELETE FROM `creature_model_info` WHERE `modelid`=41742;
INSERT INTO `creature_model_info` (`modelid`, `bounding_radius`, `combat_reach`, `gender`, `modelid_other_gender`) VALUES (41742, 1, 1.5, 0, 0);
DELETE FROM `creature_model_info` WHERE `modelid`=42282;
INSERT INTO `creature_model_info` (`modelid`, `bounding_radius`, `combat_reach`, `gender`, `modelid_other_gender`) VALUES (42282, 1, 2, 0, 0);
DELETE FROM `creature_model_info` WHERE `modelid`=42532;
INSERT INTO `creature_model_info` (`modelid`, `bounding_radius`, `combat_reach`, `gender`, `modelid_other_gender`) VALUES (42532, 0.6, 11, 0, 0);
DELETE FROM `creature_model_info` WHERE `modelid`=43547;
INSERT INTO `creature_model_info` (`modelid`, `bounding_radius`, `combat_reach`, `gender`, `modelid_other_gender`) VALUES (43547, 0.155, 1.5, 0, 0);
DELETE FROM `creature_model_info` WHERE `modelid`=43771;
INSERT INTO `creature_model_info` (`modelid`, `bounding_radius`, `combat_reach`, `gender`, `modelid_other_gender`) VALUES (43771, 0.61112, 2, 0, 0);
DELETE FROM `creature_model_info` WHERE `modelid`=43772;
INSERT INTO `creature_model_info` (`modelid`, `bounding_radius`, `combat_reach`, `gender`, `modelid_other_gender`) VALUES (43772, 0.53473, 1.75, 0, 0);
DELETE FROM `creature_model_info` WHERE `modelid`=43783;
INSERT INTO `creature_model_info` (`modelid`, `bounding_radius`, `combat_reach`, `gender`, `modelid_other_gender`) VALUES (43783, 0.62, 4.5, 0, 0);
DELETE FROM `creature_model_info` WHERE `modelid`=44649;
INSERT INTO `creature_model_info` (`modelid`, `bounding_radius`, `combat_reach`, `gender`, `modelid_other_gender`) VALUES (44649, 1, 2, 0, 0);
DELETE FROM `creature_model_info` WHERE `modelid`=45065;
INSERT INTO `creature_model_info` (`modelid`, `bounding_radius`, `combat_reach`, `gender`, `modelid_other_gender`) VALUES (45065, 1.75, 24.5, 0, 0);
DELETE FROM `creature_model_info` WHERE `modelid`=48588;
INSERT INTO `creature_model_info` (`modelid`, `bounding_radius`, `combat_reach`, `gender`, `modelid_other_gender`) VALUES (48588, 0.62, 3, 0, 0);
